date,pollution,dew,temp,press,wnd_dir,wnd_spd,snow,rain
2010-01-01 00:00:00,0.0,-21,-11,1021,NW,1.79,0,0
2010-01-01 01:00:00,0.0,-21,-12,1020,NW,4.92,0,0
2010-01-01 02:00:00,0.0,-21,-11,1019,NW,6.71,0,0
2010-01-01 03:00:00,0.0,-21,-14,1019,NW,9.84,0,0
2010-01-01 04:00:00,0.0,-20,-12,1018,NW,12.97,0,0
2010-01-01 05:00:00,0.0,-19,-10,1017,NW,16.1,0,0
2010-01-01 06:00:00,0.0,-19,-9,1017,NW,19.23,0,0
2010-01-01 07:00:00,0.0,-19,-9,1017,NW,21.02,0,0
2010-01-01 08:00:00,0.0,-19,-9,1017,NW,24.15,0,0
2010-01-01 09:00:00,0.0,-20,-8,1017,NW,27.28,0,0
2010-01-01 10:00:00,0.0,-19,-7,1017,NW,31.3,0,0
2010-01-01 11:00:00,0.0,-18,-5,1017,NW,34.43,0,0
2010-01-01 12:00:00,0.0,-19,-5,1015,NW,37.56,0,0
2010-01-01 13:00:00,0.0,-18,-3,1015,NW,40.69,0,0
2010-01-01 14:00:00,0.0,-18,-2,1014,NW,43.82,0,0
2010-01-01 15:00:00,0.0,-18,-1,1014,cv,0.89,0,0
2010-01-01 16:00:00,0.0,-19,-2,1015,NW,1.79,0,0
2010-01-01 17:00:00,0.0,-18,-3,1015,NW,2.68,0,0
2010-01-01 18:00:00,0.0,-18,-5,1016,NE,1.79,0,0
2010-01-01 19:00:00,0.0,-17,-4,1017,NW,1.79,0,0
2010-01-01 20:00:00,0.0,-17,-5,1017,cv,0.89,0,0
2010-01-01 21:00:00,0.0,-17,-5,1018,NW,1.79,0,0
2010-01-01 22:00:00,0.0,-17,-5,1018,NW,2.68,0,0
2010-01-01 23:00:00,0.0,-17,-5,1020,cv,0.89,0,0
2010-01-02 00:00:00,129.0,-16,-4,1020,SE,1.79,0,0
2010-01-02 01:00:00,148.0,-15,-4,1020,SE,2.68,0,0
2010-01-02 02:00:00,159.0,-11,-5,1021,SE,3.57,0,0
2010-01-02 03:00:00,181.0,-7,-5,1022,SE,5.36,1,0
2010-01-02 04:00:00,138.0,-7,-5,1022,SE,6.25,2,0
2010-01-02 05:00:00,109.0,-7,-6,1022,SE,7.14,3,0
2010-01-02 06:00:00,105.0,-7,-6,1023,SE,8.93,4,0
2010-01-02 07:00:00,124.0,-7,-5,1024,SE,10.72,0,0
2010-01-02 08:00:00,120.0,-8,-6,1024,SE,12.51,0,0
2010-01-02 09:00:00,132.0,-7,-5,1025,SE,14.3,0,0
2010-01-02 10:00:00,140.0,-7,-5,1026,SE,17.43,1,0
2010-01-02 11:00:00,152.0,-8,-5,1026,SE,20.56,0,0
2010-01-02 12:00:00,148.0,-8,-5,1026,SE,23.69,0,0
2010-01-02 13:00:00,164.0,-8,-5,1025,SE,27.71,0,0
2010-01-02 14:00:00,158.0,-9,-5,1025,SE,31.73,0,0
2010-01-02 15:00:00,154.0,-9,-5,1025,SE,35.75,0,0
2010-01-02 16:00:00,159.0,-9,-5,1026,SE,37.54,0,0
2010-01-02 17:00:00,164.0,-8,-5,1027,SE,39.33,0,0
2010-01-02 18:00:00,170.0,-8,-5,1027,SE,42.46,0,0
2010-01-02 19:00:00,149.0,-8,-5,1028,SE,44.25,0,0
2010-01-02 20:00:00,154.0,-7,-5,1028,SE,46.04,0,0
2010-01-02 21:00:00,164.0,-7,-5,1027,SE,49.17,1,0
2010-01-02 22:00:00,156.0,-8,-6,1028,SE,52.3,2,0
2010-01-02 23:00:00,126.0,-8,-6,1027,SE,55.43,3,0
2010-01-03 00:00:00,90.0,-7,-6,1027,SE,58.56,4,0
2010-01-03 01:00:00,63.0,-8,-6,1026,SE,61.69,5,0
2010-01-03 02:00:00,65.0,-8,-7,1026,SE,65.71,6,0
2010-01-03 03:00:00,55.0,-8,-7,1025,SE,68.84,7,0
2010-01-03 04:00:00,65.0,-8,-7,1024,SE,72.86,8,0
2010-01-03 05:00:00,83.0,-9,-8,1024,SE,76.88,9,0
2010-01-03 06:00:00,91.0,-10,-8,1024,SE,80.9,10,0
2010-01-03 07:00:00,86.0,-10,-9,1024,SE,84.92,11,0
2010-01-03 08:00:00,82.0,-10,-9,1024,SE,89.84,12,0
2010-01-03 09:00:00,86.0,-11,-9,1023,SE,93.86,13,0
2010-01-03 10:00:00,78.0,-11,-9,1023,SE,97.88,15,0
2010-01-03 11:00:00,98.0,-11,-9,1022,SE,102.8,16,0
2010-01-03 12:00:00,107.0,-11,-9,1021,SE,105.93,17,0
2010-01-03 13:00:00,90.0,-11,-9,1020,SE,111.74,19,0
2010-01-03 14:00:00,96.0,-11,-9,1020,SE,116.66,20,0
2010-01-03 15:00:00,95.0,-11,-9,1020,SE,121.58,21,0
2010-01-03 16:00:00,86.0,-11,-9,1020,SE,124.71,22,0
2010-01-03 17:00:00,70.0,-11,-9,1020,SE,127.84,23,0
2010-01-03 18:00:00,61.0,-11,-9,1021,cv,0.89,24,0
2010-01-03 19:00:00,53.0,-11,-9,1022,cv,1.78,25,0
2010-01-03 20:00:00,71.0,-10,-9,1022,NW,4.02,26,0
2010-01-03 21:00:00,72.0,-11,-10,1023,NW,7.15,27,0
2010-01-03 22:00:00,76.0,-11,-9,1023,NW,11.17,0,0
2010-01-03 23:00:00,73.0,-12,-11,1023,NW,14.3,0,0
2010-01-04 00:00:00,79.0,-14,-12,1023,NW,16.09,0,0
2010-01-04 01:00:00,58.0,-16,-9,1023,NW,21.9,0,0
2010-01-04 02:00:00,25.0,-17,-10,1024,NW,29.95,0,0
2010-01-04 03:00:00,26.0,-18,-11,1024,NW,39.78,0,0
2010-01-04 04:00:00,28.0,-19,-11,1025,NW,48.72,0,0
2010-01-04 05:00:00,26.0,-20,-12,1026,NW,55.87,0,0
2010-01-04 06:00:00,20.0,-21,-12,1027,NW,64.81,0,0
2010-01-04 07:00:00,29.0,-21,-13,1027,NW,73.75,0,0
2010-01-04 08:00:00,26.0,-22,-13,1028,NW,80.9,0,0
2010-01-04 09:00:00,27.0,-22,-13,1029,NW,90.73,0,0
2010-01-04 10:00:00,27.0,-22,-12,1030,NW,100.56,0,0
2010-01-04 11:00:00,25.0,-23,-12,1031,NW,108.61,0,0
2010-01-04 12:00:00,29.0,-21,-11,1030,NW,117.55,0,0
2010-01-04 13:00:00,32.0,-20,-10,1030,NW,127.38,0,0
2010-01-04 14:00:00,28.0,-21,-10,1030,NW,136.32,0,0
2010-01-04 15:00:00,29.0,-21,-9,1030,NW,145.26,0,0
2010-01-04 16:00:00,30.0,-21,-9,1031,NW,152.41,0,0
2010-01-04 17:00:00,30.0,-20,-11,1032,NW,159.56,0,0
2010-01-04 18:00:00,28.0,-23,-11,1032,NW,165.37,0,0
2010-01-04 19:00:00,26.0,-21,-12,1033,NW,171.18,0,0
2010-01-04 20:00:00,31.0,-24,-12,1034,NW,180.12,0,0
2010-01-04 21:00:00,33.0,-24,-13,1034,NW,187.27,0,0
2010-01-04 22:00:00,29.0,-24,-13,1035,NW,195.32,0,0
2010-01-04 23:00:00,31.0,-26,-15,1035,NW,198.45,0,0
2010-01-05 00:00:00,30.0,-26,-17,1035,NW,201.58,0,0
2010-01-05 01:00:00,34.0,-26,-18,1035,NW,205.6,0,0
2010-01-05 02:00:00,27.0,-26,-19,1035,NW,208.73,0,0
2010-01-05 03:00:00,25.0,-27,-18,1035,NW,213.65,0,0
2010-01-05 04:00:00,28.0,-27,-19,1035,NW,218.57,0,0
2010-01-05 05:00:00,28.0,-27,-16,1034,NE,4.92,0,0
2010-01-05 06:00:00,27.0,-26,-16,1035,NE,8.05,0,0
2010-01-05 07:00:00,27.0,-27,-16,1034,NE,13.86,0,0
2010-01-05 08:00:00,27.0,-26,-16,1035,NE,18.78,0,0
2010-01-05 09:00:00,29.0,-26,-15,1035,NE,24.59,0,0
2010-01-05 10:00:00,36.0,-25,-14,1035,NE,29.51,0,0
2010-01-05 11:00:00,30.0,-25,-13,1035,NE,34.43,0,0
2010-01-05 12:00:00,27.0,-25,-12,1034,NE,39.35,0,0
2010-01-05 13:00:00,39.0,-24,-11,1032,NE,41.14,0,0
2010-01-05 14:00:00,41.0,-22,-11,1032,cv,0.89,0,0
2010-01-05 15:00:00,33.0,-23,-11,1031,NW,1.79,0,0
2010-01-05 16:00:00,50.0,-24,-11,1031,NW,3.58,0,0
2010-01-05 17:00:00,56.0,-23,-11,1031,NW,5.37,0,0
2010-01-05 18:00:00,59.0,-23,-11,1032,NW,7.16,0,0
2010-01-05 19:00:00,60.0,-22,-13,1033,NW,10.29,0,0
2010-01-05 20:00:00,84.0,-22,-12,1033,NW,13.42,0,0
2010-01-05 21:00:00,106.0,-24,-18,1033,NW,16.55,0,0
2010-01-05 22:00:00,66.0,-22,-13,1034,NW,20.57,0,0
2010-01-05 23:00:00,50.0,-22,-16,1033,NW,23.7,0,0
2010-01-06 00:00:00,56.0,-25,-17,1033,NW,26.83,0,0
2010-01-06 01:00:00,77.0,-25,-14,1033,NE,4.02,0,0
2010-01-06 02:00:00,50.0,-26,-14,1034,NE,8.04,0,0
2010-01-06 03:00:00,44.0,-26,-14,1033,NE,13.85,0,0
2010-01-06 04:00:00,27.0,-26,-14,1033,NE,17.87,0,0
2010-01-06 05:00:00,28.0,-26,-14,1033,NE,23.68,0,0
2010-01-06 06:00:00,21.0,-26,-14,1033,NE,28.6,0,0
2010-01-06 07:00:00,25.0,-26,-15,1034,NE,33.52,0,0
2010-01-06 08:00:00,20.0,-26,-14,1034,NE,39.33,0,0
2010-01-06 09:00:00,29.0,-25,-13,1035,NE,44.25,0,0
2010-01-06 10:00:00,34.0,-25,-12,1035,NE,50.06,0,0
2010-01-06 11:00:00,42.0,-24,-11,1035,NE,54.98,0,0
2010-01-06 12:00:00,28.0,-24,-10,1034,NE,59.0,0,0
2010-01-06 13:00:00,36.0,-22,-10,1033,NW,4.02,0,0
2010-01-06 14:00:00,48.0,-22,-9,1033,NW,5.81,0,0
2010-01-06 15:00:00,49.0,-22,-8,1033,cv,0.89,0,0
2010-01-06 16:00:00,52.0,-22,-8,1033,NW,1.79,0,0
2010-01-06 17:00:00,56.0,-21,-9,1033,NW,3.58,0,0
2010-01-06 18:00:00,96.0,-22,-9,1033,NW,5.37,0,0
2010-01-06 19:00:00,75.0,-22,-14,1034,cv,0.89,0,0
2010-01-06 20:00:00,105.0,-22,-12,1035,NW,1.79,0,0
2010-01-06 21:00:00,132.0,-21,-14,1034,NW,3.58,0,0
2010-01-06 22:00:00,93.0,-22,-16,1035,NW,5.37,0,0
2010-01-06 23:00:00,131.0,-21,-16,1035,NW,7.16,0,0
2010-01-07 00:00:00,127.0,-21,-16,1035,NW,8.95,0,0
2010-01-07 01:00:00,130.0,-21,-16,1035,cv,0.45,0,0
2010-01-07 02:00:00,43.0,-22,-18,1036,cv,1.34,0,0
2010-01-07 03:00:00,37.0,-23,-15,1036,NW,4.02,0,0
2010-01-07 04:00:00,30.0,-24,-16,1035,NW,7.15,0,0
2010-01-07 05:00:00,28.0,-25,-15,1035,NW,10.28,0,0
2010-01-07 06:00:00,24.0,-24,-15,1035,NW,14.3,0,0
2010-01-07 07:00:00,23.0,-25,-13,1036,NE,4.92,0,0
2010-01-07 08:00:00,24.0,-24,-14,1036,NW,4.02,0,0
2010-01-07 09:00:00,27.0,-23,-12,1036,NW,8.94,0,0
2010-01-07 10:00:00,40.0,-22,-11,1036,NW,12.96,0,0
2010-01-07 11:00:00,42.0,-20,-10,1036,NW,16.09,0,0
2010-01-07 12:00:00,42.0,-21,-9,1035,NW,19.22,0,0
2010-01-07 13:00:00,55.0,-21,-8,1034,NW,21.01,0,0
2010-01-07 14:00:00,52.0,-20,-7,1033,NW,22.8,0,0
2010-01-07 15:00:00,51.0,-20,-7,1032,NW,24.59,0,0
2010-01-07 16:00:00,57.0,-18,-8,1032,NW,26.38,0,0
2010-01-07 17:00:00,50.0,-19,-9,1032,NW,28.17,0,0
2010-01-07 18:00:00,54.0,-19,-11,1032,NE,0.89,0,0
2010-01-07 19:00:00,67.0,-18,-11,1033,NW,1.79,0,0
2010-01-07 20:00:00,106.0,-19,-15,1032,NE,1.79,0,0
2010-01-07 21:00:00,159.0,-19,-14,1032,cv,0.45,0,0
2010-01-07 22:00:00,198.0,-21,-14,1032,cv,1.34,0,0
2010-01-07 23:00:00,190.0,-21,-16,1032,cv,2.23,0,0
2010-01-08 00:00:00,210.0,-21,-17,1031,NW,1.79,0,0
2010-01-08 01:00:00,195.0,-19,-16,1031,NW,3.58,0,0
2010-01-08 02:00:00,275.0,-20,-16,1031,NE,0.89,0,0
2010-01-08 03:00:00,164.0,-19,-15,1030,SE,0.89,0,0
2010-01-08 04:00:00,110.0,-18,-15,1030,cv,0.45,0,0
2010-01-08 05:00:00,100.0,-18,-15,1029,cv,1.34,0,0
2010-01-08 06:00:00,81.0,-18,-15,1029,NW,1.79,0,0
2010-01-08 07:00:00,71.0,-16,-13,1029,NE,0.89,0,0
2010-01-08 08:00:00,66.0,-16,-12,1029,SE,0.89,0,0
2010-01-08 09:00:00,92.0,-16,-12,1030,SE,1.78,0,0
2010-01-08 10:00:00,135.0,-17,-10,1030,NE,0.89,0,0
2010-01-08 11:00:00,155.0,-16,-10,1029,cv,0.89,0,0
2010-01-08 12:00:00,198.0,-16,-9,1028,SE,3.13,0,0
2010-01-08 13:00:00,250.0,-15,-8,1026,SE,4.92,0,0
2010-01-08 14:00:00,200.0,-16,-8,1026,cv,0.89,0,0
2010-01-08 15:00:00,231.0,-16,-8,1025,cv,1.78,0,0
2010-01-08 16:00:00,250.0,-16,-8,1025,cv,2.67,0,0
2010-01-08 17:00:00,212.0,-17,-8,1025,SE,0.89,0,0
2010-01-08 18:00:00,219.0,-17,-9,1026,cv,0.45,0,0
2010-01-08 19:00:00,227.0,-17,-11,1026,cv,1.34,0,0
2010-01-08 20:00:00,226.0,-17,-12,1026,cv,1.79,0,0
2010-01-08 21:00:00,225.0,-18,-14,1027,NW,1.79,0,0
2010-01-08 22:00:00,168.0,-16,-9,1027,NW,4.92,0,0
2010-01-08 23:00:00,169.0,-16,-11,1027,NW,6.71,0,0
2010-01-09 00:00:00,165.0,-17,-13,1027,cv,0.89,0,0
2010-01-09 01:00:00,159.0,-17,-13,1027,NW,3.13,0,0
2010-01-09 02:00:00,167.0,-17,-14,1027,NW,4.92,0,0
2010-01-09 03:00:00,196.0,-17,-15,1027,NW,8.05,0,0
2010-01-09 04:00:00,169.0,-17,-13,1027,NW,9.84,0,0
2010-01-09 05:00:00,155.0,-19,-16,1027,NW,13.86,0,0
2010-01-09 06:00:00,119.0,-18,-15,1027,NW,17.88,0,0
2010-01-09 07:00:00,106.0,-19,-15,1027,NW,21.9,0,0
2010-01-09 08:00:00,93.0,-18,-14,1028,NW,25.92,0,0
2010-01-09 09:00:00,84.0,-18,-9,1029,NE,5.81,0,0
2010-01-09 10:00:00,73.0,-17,-7,1029,NE,11.62,0,0
2010-01-09 11:00:00,66.0,-17,-6,1030,NE,17.43,0,0
2010-01-09 12:00:00,40.0,-16,-6,1029,NE,23.24,0,0
2010-01-09 13:00:00,49.0,-16,-5,1029,NE,28.16,0,0
2010-01-09 14:00:00,50.0,-15,-4,1029,NE,33.08,0,0
2010-01-09 15:00:00,49.0,-14,-4,1028,NE,37.1,0,0
2010-01-09 16:00:00,41.0,-15,-4,1029,NE,38.89,0,0
2010-01-09 17:00:00,37.0,-15,-4,1030,NW,1.79,0,0
2010-01-09 18:00:00,45.0,-15,-7,1030,NE,3.13,0,0
2010-01-09 19:00:00,44.0,-15,-6,1031,NW,3.13,0,0
2010-01-09 20:00:00,54.0,-15,-7,1032,NW,4.92,0,0
2010-01-09 21:00:00,50.0,-15,-6,1032,NE,3.13,0,0
2010-01-09 22:00:00,47.0,-15,-8,1033,cv,0.45,0,0
2010-01-09 23:00:00,66.0,-15,-8,1033,cv,0.9,0,0
2010-01-10 00:00:00,75.0,-15,-11,1033,NW,0.89,0,0
2010-01-10 01:00:00,82.0,-17,-13,1033,NW,1.78,0,0
2010-01-10 02:00:00,66.0,-17,-12,1033,NW,4.91,0,0
2010-01-10 03:00:00,83.0,-17,-13,1033,NW,8.04,0,0
2010-01-10 04:00:00,62.0,-19,-14,1032,NW,9.83,0,0
2010-01-10 05:00:00,40.0,-18,-13,1032,NW,12.96,0,0
2010-01-10 06:00:00,23.0,-19,-13,1032,NW,16.09,0,0
2010-01-10 07:00:00,25.0,-19,-14,1033,NW,19.22,0,0
2010-01-10 08:00:00,27.0,-19,-14,1034,NW,22.35,0,0
2010-01-10 09:00:00,35.0,-17,-12,1033,NW,24.14,0,0
2010-01-10 10:00:00,50.0,-16,-7,1033,NE,4.02,0,0
2010-01-10 11:00:00,70.0,-15,-7,1033,NW,3.13,0,0
2010-01-10 12:00:00,75.0,-15,-7,1032,NW,6.26,0,0
2010-01-10 13:00:00,58.0,-14,-6,1031,NW,9.39,0,0
2010-01-10 14:00:00,70.0,-14,-6,1031,NW,12.52,0,0
2010-01-10 15:00:00,68.0,-13,-5,1030,NW,14.31,0,0
2010-01-10 16:00:00,71.0,-14,-5,1031,NW,16.1,0,0
2010-01-10 17:00:00,88.0,-14,-6,1031,NW,19.23,0,0
2010-01-10 18:00:00,84.0,-13,-7,1032,NW,23.25,0,0
2010-01-10 19:00:00,83.0,-15,-6,1032,NW,27.27,0,0
2010-01-10 20:00:00,66.0,-15,-6,1033,NW,30.4,0,0
2010-01-10 21:00:00,27.0,-15,-4,1034,NW,35.32,0,0
2010-01-10 22:00:00,24.0,-16,-4,1034,NW,44.26,0,0
2010-01-10 23:00:00,22.0,-17,-5,1035,NW,52.31,0,0
2010-01-11 00:00:00,23.0,-17,-6,1035,NW,60.36,0,0
2010-01-11 01:00:00,27.0,-17,-8,1035,cv,0.89,0,0
2010-01-11 02:00:00,23.0,-19,-11,1036,NW,4.02,0,0
2010-01-11 03:00:00,17.0,-20,-11,1036,NW,8.94,0,0
2010-01-11 04:00:00,17.0,-21,-11,1035,NE,4.02,0,0
2010-01-11 05:00:00,16.0,-22,-12,1035,NW,3.13,0,0
2010-01-11 06:00:00,16.0,-22,-12,1035,NE,4.92,0,0
2010-01-11 07:00:00,20.0,-22,-13,1036,NW,5.81,0,0
2010-01-11 08:00:00,20.0,-22,-9,1036,NW,13.86,0,0
2010-01-11 09:00:00,18.0,-22,-10,1036,NW,21.91,0,0
2010-01-11 10:00:00,25.0,-22,-9,1036,NW,29.06,0,0
2010-01-11 11:00:00,26.0,-21,-9,1036,NW,33.08,0,0
2010-01-11 12:00:00,27.0,-20,-6,1035,NW,42.02,0,0
2010-01-11 13:00:00,28.0,-19,-5,1034,NW,50.96,0,0
2010-01-11 14:00:00,15.0,-19,-5,1033,NW,59.01,0,0
2010-01-11 15:00:00,24.0,-20,-5,1033,NW,66.16,0,0
2010-01-11 16:00:00,13.0,-20,-5,1032,NW,71.97,0,0
2010-01-11 17:00:00,13.0,-20,-5,1033,NW,76.89,0,0
2010-01-11 18:00:00,13.0,-20,-7,1033,NW,81.81,0,0
2010-01-11 19:00:00,17.0,-22,-7,1033,NW,85.83,0,0
2010-01-11 20:00:00,20.0,-22,-8,1033,NW,89.85,0,0
2010-01-11 21:00:00,27.0,-23,-10,1033,NW,91.64,0,0
2010-01-11 22:00:00,20.0,-23,-13,1033,NW,93.43,0,0
2010-01-11 23:00:00,15.0,-22,-12,1032,cv,0.89,0,0
2010-01-12 00:00:00,21.0,-22,-15,1031,cv,1.78,0,0
2010-01-12 01:00:00,21.0,-22,-14,1031,NE,1.79,0,0
2010-01-12 02:00:00,37.0,-22,-14,1031,NW,0.89,0,0
2010-01-12 03:00:00,26.0,-24,-18,1030,NE,1.79,0,0
2010-01-12 04:00:00,15.0,-24,-13,1030,NE,3.58,0,0
2010-01-12 05:00:00,9.0,-25,-14,1030,NW,3.13,0,0
2010-01-12 06:00:00,11.0,-24,-14,1030,NW,7.15,0,0
2010-01-12 07:00:00,11.0,-25,-12,1030,NW,12.96,0,0
2010-01-12 08:00:00,16.0,-26,-14,1030,NW,16.98,0,0
2010-01-12 09:00:00,13.0,-25,-12,1031,NW,21.0,0,0
2010-01-12 10:00:00,15.0,-25,-11,1031,NW,26.81,0,0
2010-01-12 11:00:00,21.0,-24,-11,1030,NW,35.75,0,0
2010-01-12 12:00:00,24.0,-23,-11,1029,NW,47.82,0,0
2010-01-12 13:00:00,22.0,-22,-11,1029,NW,63.02,0,0
2010-01-12 14:00:00,22.0,-23,-11,1029,NW,75.98,0,0
2010-01-12 15:00:00,22.0,-22,-11,1029,NW,88.05,0,0
2010-01-12 16:00:00,19.0,-23,-11,1030,NW,101.01,0,0
2010-01-12 17:00:00,23.0,-24,-11,1030,NW,109.06,0,0
2010-01-12 18:00:00,25.0,-24,-11,1032,NW,118.0,0,0
2010-01-12 19:00:00,25.0,-23,-11,1032,NW,126.05,0,0
2010-01-12 20:00:00,31.0,-23,-12,1032,NW,134.1,0,0
2010-01-12 21:00:00,25.0,-24,-12,1033,NW,142.15,0,0
2010-01-12 22:00:00,22.0,-23,-12,1033,NW,150.2,0,0
2010-01-12 23:00:00,22.0,-23,-12,1034,NW,160.03,0,0
2010-01-13 00:00:00,15.0,-24,-12,1034,NW,169.86,0,0
2010-01-13 01:00:00,16.0,-24,-12,1033,NW,178.8,0,0
2010-01-13 02:00:00,11.0,-25,-12,1033,NW,189.98,0,0
2010-01-13 03:00:00,11.0,-24,-13,1033,NW,198.03,0,0
2010-01-13 04:00:00,12.0,-25,-12,1032,NW,205.18,0,0
2010-01-13 05:00:00,11.0,-25,-12,1033,NW,215.01,0,0
2010-01-13 06:00:00,12.0,-25,-12,1032,NW,226.19,0,0
2010-01-13 07:00:00,27.0,-25,-12,1032,NW,235.13,0,0
2010-01-13 08:00:00,28.0,-25,-12,1032,NW,243.18,0,0
2010-01-13 09:00:00,34.0,-23,-11,1033,NW,252.12,0,0
2010-01-13 10:00:00,33.0,-23,-10,1033,NW,257.93,0,0
2010-01-13 11:00:00,36.0,-22,-9,1033,NW,263.74,0,0
2010-01-13 12:00:00,26.0,-21,-8,1031,NW,270.89,0,0
2010-01-13 13:00:00,49.0,-21,-6,1030,NW,278.94,0,0
2010-01-13 14:00:00,52.0,-20,-5,1029,NW,286.99,0,0
2010-01-13 15:00:00,47.0,-22,-5,1028,NW,294.14,0,0
2010-01-13 16:00:00,47.0,-21,-5,1028,NW,299.06,0,0
2010-01-13 17:00:00,39.0,-19,-7,1028,SE,1.79,0,0
2010-01-13 18:00:00,59.0,-19,-8,1028,cv,0.45,0,0
2010-01-13 19:00:00,76.0,-20,-9,1028,cv,1.34,0,0
2010-01-13 20:00:00,96.0,-19,-10,1027,SE,1.79,0,0
2010-01-13 21:00:00,95.0,-19,-13,1027,cv,0.89,0,0
2010-01-13 22:00:00,68.0,-18,-12,1027,cv,1.78,0,0
2010-01-13 23:00:00,65.0,-18,-13,1027,NE,0.89,0,0
2010-01-14 00:00:00,75.0,-18,-14,1026,NE,1.78,0,0
2010-01-14 01:00:00,257.0,-20,-15,1025,NE,2.67,0,0
2010-01-14 02:00:00,174.0,-20,-15,1025,NW,0.89,0,0
2010-01-14 03:00:00,164.0,-20,-16,1025,NW,1.78,0,0
2010-01-14 04:00:00,161.0,-20,-16,1024,NW,3.57,0,0
2010-01-14 05:00:00,137.0,-21,-17,1024,NW,6.7,0,0
2010-01-14 06:00:00,92.0,-19,-14,1023,NW,10.72,0,0
2010-01-14 07:00:00,64.0,-21,-17,1023,NW,13.85,0,0
2010-01-14 08:00:00,87.0,-19,-15,1024,NW,15.64,0,0
2010-01-14 09:00:00,87.0,-19,-14,1024,NW,18.77,0,0
2010-01-14 10:00:00,84.0,-18,-10,1024,NW,22.79,0,0
2010-01-14 11:00:00,95.0,-17,-9,1023,NW,24.58,0,0
2010-01-14 12:00:00,79.0,-16,-6,1023,NW,26.37,0,0
2010-01-14 13:00:00,75.0,-17,-5,1022,NW,28.16,0,0
2010-01-14 14:00:00,79.0,-16,-5,1022,NW,29.95,0,0
2010-01-14 15:00:00,86.0,-15,-4,1022,NW,33.08,0,0
2010-01-14 16:00:00,72.0,-16,-4,1023,cv,0.89,0,0
2010-01-14 17:00:00,89.0,-15,-5,1025,SE,1.79,0,0
2010-01-14 18:00:00,94.0,-14,-3,1026,NW,5.81,0,0
2010-01-14 19:00:00,69.0,-16,-3,1027,NW,11.62,0,0
2010-01-14 20:00:00,49.0,-15,-4,1029,NW,20.56,0,0
2010-01-14 21:00:00,33.0,-16,-5,1031,NW,24.58,0,0
2010-01-14 22:00:00,27.0,-17,-6,1032,NE,3.13,0,0
2010-01-14 23:00:00,20.0,-18,-6,1033,NE,8.05,0,0
2010-01-15 00:00:00,36.0,-19,-7,1034,NE,13.86,0,0
2010-01-15 01:00:00,37.0,-17,-8,1035,NW,5.81,0,0
2010-01-15 02:00:00,30.0,-18,-10,1035,NW,11.62,0,0
2010-01-15 03:00:00,18.0,-19,-10,1036,NW,14.75,0,0
2010-01-15 04:00:00,21.0,-19,-9,1036,NW,19.67,0,0
2010-01-15 05:00:00,13.0,-19,-9,1036,NE,7.15,0,0
2010-01-15 06:00:00,23.0,-20,-9,1037,NE,12.96,0,0
2010-01-15 07:00:00,26.0,-19,-9,1037,NE,18.77,0,0
2010-01-15 08:00:00,27.0,-19,-8,1038,NE,22.79,0,0
2010-01-15 09:00:00,30.0,-19,-8,1039,NE,28.6,0,0
2010-01-15 10:00:00,28.0,-19,-7,1039,NE,35.75,0,0
2010-01-15 11:00:00,26.0,-18,-6,1039,NE,41.56,0,0
2010-01-15 12:00:00,26.0,-18,-5,1039,NE,45.58,0,0
2010-01-15 13:00:00,31.0,-17,-4,1038,NW,1.79,0,0
2010-01-15 14:00:00,35.0,-16,-3,1037,cv,0.89,0,0
2010-01-15 15:00:00,36.0,-17,-3,1037,cv,1.78,0,0
2010-01-15 16:00:00,37.0,-17,-2,1037,cv,2.23,0,0
2010-01-15 17:00:00,64.0,-15,-5,1036,SE,0.89,0,0
2010-01-15 18:00:00,83.0,-15,-6,1036,cv,0.89,0,0
2010-01-15 19:00:00,91.0,-15,-6,1037,cv,1.78,0,0
2010-01-15 20:00:00,90.0,-14,-6,1037,SE,1.79,0,0
2010-01-15 21:00:00,102.0,-14,-8,1036,SE,3.58,0,0
2010-01-15 22:00:00,94.0,-14,-10,1037,cv,0.89,0,0
2010-01-15 23:00:00,87.0,-15,-11,1036,cv,1.78,0,0
2010-01-16 00:00:00,141.0,-15,-11,1036,cv,2.67,0,0
2010-01-16 01:00:00,211.0,-16,-13,1036,NE,0.89,0,0
2010-01-16 02:00:00,242.0,-16,-12,1036,cv,0.89,0,0
2010-01-16 03:00:00,271.0,-16,-13,1035,NE,0.89,0,0
2010-01-16 04:00:00,249.0,-15,-12,1035,NE,1.78,0,0
2010-01-16 05:00:00,200.0,-14,-10,1034,NW,1.79,0,0
2010-01-16 06:00:00,147.0,-15,-10,1034,NW,2.68,0,0
2010-01-16 07:00:00,114.0,-15,-11,1034,NW,4.47,0,0
2010-01-16 08:00:00,102.0,-15,-11,1034,NW,6.26,0,0
2010-01-16 09:00:00,108.0,-14,-9,1034,NW,8.05,0,0
2010-01-16 10:00:00,135.0,-14,-9,1034,NW,9.84,0,0
2010-01-16 11:00:00,120.0,-13,-6,1034,cv,0.89,0,0
2010-01-16 12:00:00,148.0,-13,-5,1033,NW,1.79,0,0
2010-01-16 13:00:00,127.0,-12,-4,1031,cv,0.89,0,0
2010-01-16 14:00:00,128.0,-12,-3,1031,cv,1.78,0,0
2010-01-16 15:00:00,140.0,-12,-3,1030,cv,2.67,0,0
2010-01-16 16:00:00,148.0,-11,-3,1030,cv,3.56,0,0
2010-01-16 17:00:00,150.0,-11,-4,1031,NE,0.89,0,0
2010-01-16 18:00:00,154.0,-12,-7,1031,cv,0.89,0,0
2010-01-16 19:00:00,197.0,-12,-7,1032,cv,1.78,0,0
2010-01-16 20:00:00,235.0,-12,-8,1032,cv,2.23,0,0
2010-01-16 21:00:00,261.0,-12,-9,1032,cv,3.12,0,0
2010-01-16 22:00:00,269.0,-13,-11,1032,NW,0.89,0,0
2010-01-16 23:00:00,266.0,-14,-11,1032,NW,2.68,0,0
2010-01-17 00:00:00,263.0,-15,-12,1032,NW,5.81,0,0
2010-01-17 01:00:00,241.0,-14,-11,1032,cv,0.45,0,0
2010-01-17 02:00:00,205.0,-14,-11,1031,cv,1.34,0,0
2010-01-17 03:00:00,160.0,-14,-12,1031,NW,1.79,0,0
2010-01-17 04:00:00,150.0,-14,-12,1031,NW,3.58,0,0
2010-01-17 05:00:00,148.0,-14,-10,1030,NW,6.71,0,0
2010-01-17 06:00:00,208.0,-14,-11,1030,NW,9.84,0,0
2010-01-17 07:00:00,209.0,-15,-10,1030,NW,11.63,0,0
2010-01-17 08:00:00,183.0,-13,-10,1030,NW,14.76,0,0
2010-01-17 09:00:00,161.0,-13,-8,1030,NW,17.89,0,0
2010-01-17 10:00:00,182.0,-12,-6,1030,cv,0.45,0,0
2010-01-17 11:00:00,230.0,-11,-5,1030,cv,1.34,0,0
2010-01-17 12:00:00,170.0,-11,-4,1029,cv,2.23,0,0
2010-01-17 13:00:00,172.0,-11,-3,1028,cv,3.12,0,0
2010-01-17 14:00:00,154.0,-10,-1,1027,cv,4.01,0,0
2010-01-17 15:00:00,166.0,-11,-1,1027,cv,4.46,0,0
2010-01-17 16:00:00,177.0,-10,-1,1026,SE,0.89,0,0
2010-01-17 17:00:00,191.0,-10,-3,1026,SE,1.78,0,0
2010-01-17 18:00:00,212.0,-10,-5,1027,SE,2.67,0,0
2010-01-17 19:00:00,250.0,-10,-6,1027,NE,0.89,0,0
2010-01-17 20:00:00,268.0,-11,-7,1027,cv,0.45,0,0
2010-01-17 21:00:00,317.0,-10,-7,1027,cv,0.9,0,0
2010-01-17 22:00:00,291.0,-11,-9,1027,cv,1.35,0,0
2010-01-17 23:00:00,313.0,-12,-9,1027,NE,0.89,0,0
2010-01-18 00:00:00,282.0,-12,-10,1028,cv,0.89,0,0
2010-01-18 01:00:00,282.0,-13,-11,1028,NW,3.13,0,0
2010-01-18 02:00:00,303.0,-11,-9,1028,NW,4.92,0,0
2010-01-18 03:00:00,349.0,-13,-10,1028,NW,6.71,0,0
2010-01-18 04:00:00,407.0,-13,-11,1028,NW,7.6,0,0
2010-01-18 05:00:00,361.0,-13,-11,1027,NE,1.79,0,0
2010-01-18 06:00:00,234.0,-14,-11,1028,NW,0.89,0,0
2010-01-18 07:00:00,149.0,-14,-11,1028,NW,4.02,0,0
2010-01-18 08:00:00,147.0,-14,-11,1028,NW,5.81,0,0
2010-01-18 09:00:00,184.0,-11,-6,1028,NW,9.83,0,0
2010-01-18 10:00:00,161.0,-10,-5,1028,NW,11.62,0,0
2010-01-18 11:00:00,137.0,-9,-3,1028,NW,13.41,0,0
2010-01-18 12:00:00,146.0,-8,-1,1027,NW,15.2,0,0
2010-01-18 13:00:00,144.0,-9,0,1026,NW,16.99,0,0
2010-01-18 14:00:00,154.0,-9,1,1025,NE,1.79,0,0
2010-01-18 15:00:00,173.0,-9,1,1025,cv,0.89,0,0
2010-01-18 16:00:00,188.0,-8,1,1025,SE,0.89,0,0
2010-01-18 17:00:00,203.0,-7,-1,1025,SE,2.68,0,0
2010-01-18 18:00:00,233.0,-7,-2,1025,cv,0.89,0,0
2010-01-18 19:00:00,408.0,-7,-3,1025,SE,0.89,0,0
2010-01-18 20:00:00,435.0,-5,-2,1026,cv,0.89,0,0
2010-01-18 21:00:00,403.0,-5,-1,1026,NW,1.79,0,0
2010-01-18 22:00:00,360.0,-5,-1,1026,NW,3.58,0,0
2010-01-18 23:00:00,402.0,-6,-1,1026,cv,0.89,0,0
2010-01-19 00:00:00,358.0,-4,-1,1025,NW,1.79,0,0
2010-01-19 01:00:00,383.0,-5,-1,1024,NW,4.92,0,0
2010-01-19 02:00:00,332.0,-5,-1,1024,NW,6.71,0,0
2010-01-19 03:00:00,274.0,-5,-1,1023,NW,8.5,0,0
2010-01-19 04:00:00,256.0,-4,-1,1022,NW,10.29,0,0
2010-01-19 05:00:00,302.0,-4,-1,1021,NW,11.18,0,0
2010-01-19 06:00:00,330.0,-4,-1,1021,NW,12.07,0,0
2010-01-19 07:00:00,367.0,-4,-1,1021,NW,13.86,0,0
2010-01-19 08:00:00,297.0,-4,0,1021,cv,0.89,0,0
2010-01-19 09:00:00,331.0,-4,0,1021,NW,1.79,0,0
2010-01-19 10:00:00,323.0,-4,0,1021,cv,0.89,0,0
2010-01-19 11:00:00,339.0,-5,1,1021,NW,1.79,0,0
2010-01-19 12:00:00,301.0,-5,1,1020,cv,0.89,0,0
2010-01-19 13:00:00,310.0,-4,1,1019,cv,1.34,0,0
2010-01-19 14:00:00,305.0,-4,1,1018,NE,0.89,0,0
2010-01-19 15:00:00,313.0,-3,2,1018,cv,0.45,0,0
2010-01-19 16:00:00,336.0,-3,2,1018,cv,1.34,0,0
2010-01-19 17:00:00,357.0,-2,2,1018,NE,0.89,0,0
2010-01-19 18:00:00,485.0,-3,1,1018,cv,0.89,0,0
2010-01-19 19:00:00,426.0,-3,2,1020,NW,1.79,0,0
2010-01-19 20:00:00,403.0,-3,1,1020,NW,4.92,0,0
2010-01-19 21:00:00,374.0,-3,0,1021,NW,6.71,0,0
2010-01-19 22:00:00,333.0,-3,0,1021,NW,8.5,0,0
2010-01-19 23:00:00,343.0,-3,1,1020,NW,11.63,0,0
2010-01-20 00:00:00,364.0,-2,0,1021,NW,14.76,0,0
2010-01-20 01:00:00,389.0,-2,-1,1022,NW,16.55,0,0
2010-01-20 02:00:00,368.0,-4,-2,1022,NW,19.68,0,0
2010-01-20 03:00:00,267.0,-2,-1,1023,NW,25.49,0,0
2010-01-20 04:00:00,71.0,-3,1,1023,NW,28.62,0,0
2010-01-20 05:00:00,81.0,-3,0,1024,NW,31.75,0,0
2010-01-20 06:00:00,51.0,-5,2,1026,NW,36.67,0,0
2010-01-20 07:00:00,49.0,-9,1,1027,NW,41.59,0,0
2010-01-20 08:00:00,44.0,-10,0,1028,NW,48.74,0,0
2010-01-20 09:00:00,45.0,-10,0,1030,NW,55.89,0,0
2010-01-20 10:00:00,35.0,-11,1,1032,NW,63.04,0,0
2010-01-20 11:00:00,29.0,-13,0,1033,NW,71.09,0,0
2010-01-20 12:00:00,27.0,-13,0,1033,NW,78.24,0,0
2010-01-20 13:00:00,29.0,-13,-1,1033,NE,8.05,0,0
2010-01-20 14:00:00,16.0,-13,-1,1032,NW,7.15,0,0
2010-01-20 15:00:00,23.0,-15,-1,1032,NE,5.81,0,0
2010-01-20 16:00:00,28.0,-14,-1,1033,NW,5.81,0,0
2010-01-20 17:00:00,22.0,-15,-2,1033,NW,12.96,0,0
2010-01-20 18:00:00,11.0,-16,-3,1034,NW,21.01,0,0
2010-01-20 19:00:00,25.0,-17,-4,1035,NW,28.16,0,0
2010-01-20 20:00:00,16.0,-19,-3,1036,NW,37.99,0,0
2010-01-20 21:00:00,20.0,-18,-4,1037,NW,46.93,0,0
2010-01-20 22:00:00,20.0,-19,-4,1038,NW,55.87,0,0
2010-01-20 23:00:00,18.0,-19,-5,1038,NW,65.7,0,0
2010-01-21 00:00:00,18.0,-20,-6,1038,NW,75.53,0,0
2010-01-21 01:00:00,17.0,-20,-6,1038,NW,85.36,0,0
2010-01-21 02:00:00,17.0,-20,-7,1038,NW,95.19,0,0
2010-01-21 03:00:00,17.0,-22,-8,1038,NW,103.24,0,0
2010-01-21 04:00:00,15.0,-23,-8,1038,NW,111.29,0,0
2010-01-21 05:00:00,19.0,-24,-9,1038,NW,118.44,0,0
2010-01-21 06:00:00,16.0,-24,-9,1038,NW,128.27,0,0
2010-01-21 07:00:00,18.0,-25,-9,1038,NW,138.1,0,0
2010-01-21 08:00:00,18.0,-25,-8,1039,NW,147.04,0,0
2010-01-21 09:00:00,18.0,-25,-8,1039,NW,155.98,0,0
2010-01-21 10:00:00,26.0,-22,-7,1039,NW,160.9,0,0
2010-01-21 11:00:00,26.0,-22,-7,1038,NE,3.13,0,0
2010-01-21 12:00:00,25.0,-22,-5,1037,NW,4.02,0,0
2010-01-21 13:00:00,24.0,-21,-5,1035,NE,3.13,0,0
2010-01-21 14:00:00,15.0,-21,-4,1034,SE,1.79,0,0
2010-01-21 15:00:00,17.0,-20,-3,1034,NE,1.79,0,0
2010-01-21 16:00:00,15.0,-21,-2,1033,NW,4.92,0,0
2010-01-21 17:00:00,21.0,-20,-2,1033,NW,10.73,0,0
2010-01-21 18:00:00,40.0,-20,-2,1034,NW,15.65,0,0
2010-01-21 19:00:00,51.0,-19,-3,1034,NW,21.46,0,0
2010-01-21 20:00:00,45.0,-19,-3,1035,NW,25.48,0,0
2010-01-21 21:00:00,61.0,-17,-8,1035,NE,0.89,0,0
2010-01-21 22:00:00,72.0,-18,-9,1035,NW,1.79,0,0
2010-01-21 23:00:00,38.0,-18,-9,1035,NW,3.58,0,0
2010-01-22 00:00:00,35.0,-18,-6,1036,NW,7.6,0,0
2010-01-22 01:00:00,29.0,-20,-4,1037,NW,17.43,0,0
2010-01-22 02:00:00,26.0,-21,-5,1037,NW,27.26,0,0
2010-01-22 03:00:00,18.0,-21,-6,1037,NW,35.31,0,0
2010-01-22 04:00:00,15.0,-20,-7,1036,NW,42.46,0,0
2010-01-22 05:00:00,15.0,-20,-7,1035,NW,48.27,0,0
2010-01-22 06:00:00,22.0,-20,-7,1035,NW,54.08,0,0
2010-01-22 07:00:00,21.0,-20,-7,1036,NW,59.0,0,0
2010-01-22 08:00:00,19.0,-19,-7,1036,NW,63.92,0,0
2010-01-22 09:00:00,22.0,-20,-5,1036,NW,67.94,0,0
2010-01-22 10:00:00,25.0,-19,-4,1036,NW,75.09,0,0
2010-01-22 11:00:00,22.0,-19,-4,1036,NW,84.03,0,0
2010-01-22 12:00:00,26.0,-19,-3,1035,NW,95.21,0,0
2010-01-22 13:00:00,32.0,-18,-3,1034,NW,105.04,0,0
2010-01-22 14:00:00,30.0,-19,-2,1033,NW,114.87,0,0
2010-01-22 15:00:00,32.0,-18,-2,1032,NW,124.7,0,0
2010-01-22 16:00:00,30.0,-18,-2,1032,NW,133.64,0,0
2010-01-22 17:00:00,32.0,-18,-2,1032,NW,139.45,0,0
2010-01-22 18:00:00,37.0,-18,-3,1032,NW,144.37,0,0
2010-01-22 19:00:00,49.0,-17,-5,1033,NW,149.29,0,0
2010-01-22 20:00:00,47.0,-18,-4,1033,NW,153.31,0,0
2010-01-22 21:00:00,39.0,-17,-4,1032,NW,159.12,0,0
2010-01-22 22:00:00,35.0,-17,-4,1032,NW,164.04,0,0
2010-01-22 23:00:00,48.0,-17,-7,1032,NW,168.06,0,0
2010-01-23 00:00:00,49.0,-17,-4,1033,NW,172.08,0,0
2010-01-23 01:00:00,24.0,-17,-8,1033,cv,0.89,0,0
2010-01-23 02:00:00,23.0,-17,-5,1032,NW,4.92,0,0
2010-01-23 03:00:00,20.0,-18,-6,1032,NW,8.05,0,0
2010-01-23 04:00:00,19.0,-18,-5,1031,NW,12.97,0,0
2010-01-23 05:00:00,16.0,-18,-6,1031,NW,16.1,0,0
2010-01-23 06:00:00,22.0,-18,-7,1031,NW,20.12,0,0
2010-01-23 07:00:00,24.0,-18,-7,1031,NW,24.14,0,0
2010-01-23 08:00:00,24.0,-18,-6,1031,NW,25.93,0,0
2010-01-23 09:00:00,41.0,-18,-2,1031,NW,30.85,0,0
2010-01-23 10:00:00,23.0,-17,-1,1031,NW,38.9,0,0
2010-01-23 11:00:00,19.0,-17,0,1030,NW,46.95,0,0
2010-01-23 12:00:00,15.0,-19,1,1029,NW,55.0,0,0
2010-01-23 13:00:00,19.0,-20,2,1027,NW,63.05,0,0
2010-01-23 14:00:00,17.0,-19,2,1025,NW,71.1,0,0
2010-01-23 15:00:00,17.0,-19,3,1024,NW,79.15,0,0
2010-01-23 16:00:00,22.0,-19,3,1024,NW,86.3,0,0
2010-01-23 17:00:00,0.0,-18,2,1024,NW,91.22,0,0
2010-01-23 18:00:00,0.0,-18,1,1024,NW,96.14,0,0
2010-01-23 19:00:00,0.0,-17,0,1024,NW,100.16,0,0
2010-01-23 20:00:00,0.0,-18,0,1024,SE,1.79,0,0
2010-01-23 21:00:00,0.0,-15,-3,1024,cv,0.89,0,0
2010-01-23 22:00:00,0.0,-16,0,1023,NW,1.79,0,0
2010-01-23 23:00:00,0.0,-16,0,1023,NW,4.92,0,0
2010-01-24 00:00:00,0.0,-15,-2,1022,NW,6.71,0,0
2010-01-24 01:00:00,0.0,-14,-7,1022,cv,0.45,0,0
2010-01-24 02:00:00,0.0,-14,-8,1021,NW,1.79,0,0
2010-01-24 03:00:00,0.0,-16,-11,1021,NW,3.58,0,0
2010-01-24 04:00:00,0.0,-14,-9,1019,NW,4.47,0,0
2010-01-24 05:00:00,0.0,-15,-10,1019,cv,0.89,0,0
2010-01-24 06:00:00,0.0,-16,-12,1019,SE,0.89,0,0
2010-01-24 07:00:00,0.0,-15,-12,1019,cv,0.89,0,0
2010-01-24 08:00:00,0.0,-16,-13,1019,NE,1.79,0,0
2010-01-24 09:00:00,0.0,-13,-7,1020,cv,0.89,0,0
2010-01-24 10:00:00,0.0,-12,-4,1019,cv,1.78,0,0
2010-01-24 11:00:00,0.0,-13,0,1019,cv,2.67,0,0
2010-01-24 12:00:00,0.0,-16,4,1018,NW,4.02,0,0
2010-01-24 13:00:00,0.0,-19,5,1017,NW,13.85,0,0
2010-01-24 14:00:00,0.0,-18,5,1017,NW,22.79,0,0
2010-01-24 15:00:00,0.0,-19,5,1017,NW,32.62,0,0
2010-01-24 16:00:00,0.0,-20,5,1018,NW,40.67,0,0
2010-01-24 17:00:00,0.0,-19,3,1020,NW,49.61,0,0
2010-01-24 18:00:00,0.0,-18,1,1023,NW,61.68,0,0
2010-01-24 19:00:00,0.0,-20,-1,1027,NW,76.88,0,0
2010-01-24 20:00:00,0.0,-20,-2,1028,NW,89.84,0,0
2010-01-24 21:00:00,0.0,-21,-3,1029,NW,98.78,0,0
2010-01-24 22:00:00,0.0,-25,-4,1030,NW,113.98,0,0
2010-01-24 23:00:00,0.0,-26,-5,1031,NW,129.18,0,0
2010-01-25 00:00:00,0.0,-25,-5,1031,NW,141.25,0,0
2010-01-25 01:00:00,0.0,-25,-6,1031,NW,150.19,0,0
2010-01-25 02:00:00,0.0,-24,-6,1032,NW,162.26,0,0
2010-01-25 03:00:00,0.0,-24,-6,1033,NW,172.09,0,0
2010-01-25 04:00:00,0.0,-23,-6,1033,NW,181.92,0,0
2010-01-25 05:00:00,0.0,-22,-7,1033,NW,187.73,0,0
2010-01-25 06:00:00,0.0,-21,-7,1033,NW,192.65,0,0
2010-01-25 07:00:00,0.0,-21,-7,1034,NW,196.67,0,0
2010-01-25 08:00:00,0.0,-21,-6,1035,NW,201.59,0,0
2010-01-25 09:00:00,0.0,-21,-4,1036,NW,207.4,0,0
2010-01-25 10:00:00,0.0,-22,-3,1036,NW,216.34,0,0
2010-01-25 11:00:00,0.0,-22,-2,1036,NW,222.15,0,0
2010-01-25 12:00:00,0.0,-23,-1,1035,NW,230.2,0,0
2010-01-25 13:00:00,0.0,-26,1,1033,NW,238.25,0,0
2010-01-25 14:00:00,0.0,-25,2,1032,NW,245.4,0,0
2010-01-25 15:00:00,0.0,-25,2,1031,NW,252.55,0,0
2010-01-25 16:00:00,0.0,-24,2,1031,NW,257.47,0,0
2010-01-25 17:00:00,0.0,-22,1,1031,SE,4.02,0,0
2010-01-25 18:00:00,0.0,-19,-1,1031,SE,7.15,0,0
2010-01-25 19:00:00,0.0,-19,-1,1031,SE,10.28,0,0
2010-01-25 20:00:00,0.0,-17,-4,1031,SE,12.07,0,0
2010-01-25 21:00:00,0.0,-18,-1,1031,SE,15.2,0,0
2010-01-25 22:00:00,0.0,-18,-5,1030,cv,0.89,0,0
2010-01-25 23:00:00,0.0,-18,-3,1030,SE,3.13,0,0
2010-01-26 00:00:00,0.0,-16,-9,1030,cv,0.89,0,0
2010-01-26 01:00:00,0.0,-16,-8,1029,cv,1.78,0,0
2010-01-26 02:00:00,0.0,-16,-11,1029,cv,2.23,0,0
2010-01-26 03:00:00,0.0,-16,-12,1029,cv,3.12,0,0
2010-01-26 04:00:00,0.0,-16,-10,1028,NW,3.13,0,0
2010-01-26 05:00:00,0.0,-17,-10,1028,NW,4.92,0,0
2010-01-26 06:00:00,0.0,-17,-12,1027,NW,6.71,0,0
2010-01-26 07:00:00,0.0,-17,-10,1027,NW,8.5,0,0
2010-01-26 08:00:00,0.0,-18,-13,1028,NE,1.79,0,0
2010-01-26 09:00:00,0.0,-16,-8,1028,NW,4.02,0,0
2010-01-26 10:00:00,0.0,-16,-6,1027,NW,5.81,0,0
2010-01-26 11:00:00,0.0,-15,-3,1027,cv,0.89,0,0
2010-01-26 12:00:00,88.0,-15,-1,1025,SE,1.79,0,0
2010-01-26 13:00:00,85.0,-18,0,1024,SE,3.58,0,0
2010-01-26 14:00:00,90.0,-19,1,1023,cv,0.89,0,0
2010-01-26 15:00:00,127.0,-18,2,1021,SE,1.79,0,0
2010-01-26 16:00:00,144.0,-17,1,1021,SE,4.92,0,0
2010-01-26 17:00:00,203.0,-14,-1,1021,SE,5.81,0,0
2010-01-26 18:00:00,199.0,-13,-3,1021,SE,6.7,0,0
2010-01-26 19:00:00,231.0,-13,-3,1021,cv,0.89,0,0
2010-01-26 20:00:00,274.0,-11,-5,1020,NE,0.89,0,0
2010-01-26 21:00:00,340.0,-13,-6,1020,NW,1.79,0,0
2010-01-26 22:00:00,298.0,-11,-5,1020,cv,0.89,0,0
2010-01-26 23:00:00,268.0,-11,-4,1019,NW,1.79,0,0
2010-01-27 00:00:00,299.0,-11,-4,1019,NW,3.58,0,0
2010-01-27 01:00:00,300.0,-12,-3,1018,NW,5.37,0,0
2010-01-27 02:00:00,240.0,-11,-4,1017,NW,7.16,0,0
2010-01-27 03:00:00,213.0,-11,-4,1016,NW,10.29,0,0
2010-01-27 04:00:00,171.0,-12,-3,1016,NW,12.08,0,0
2010-01-27 05:00:00,153.0,-11,-4,1016,NW,15.21,0,0
2010-01-27 06:00:00,153.0,-11,-5,1015,NW,17.0,0,0
2010-01-27 07:00:00,140.0,-11,-4,1015,NW,18.79,0,0
2010-01-27 08:00:00,147.0,-11,-3,1015,NE,3.13,0,0
2010-01-27 09:00:00,158.0,-10,-1,1015,NE,6.26,0,0
2010-01-27 10:00:00,153.0,-9,1,1015,NE,9.39,0,0
2010-01-27 11:00:00,154.0,-9,3,1015,NW,1.79,0,0
2010-01-27 12:00:00,143.0,-9,4,1014,NW,4.92,0,0
2010-01-27 13:00:00,90.0,-9,6,1013,NW,8.05,0,0
2010-01-27 14:00:00,55.0,-13,8,1012,NW,16.1,0,0
2010-01-27 15:00:00,52.0,-14,8,1013,NW,24.15,0,0
2010-01-27 16:00:00,41.0,-14,7,1014,NW,32.2,0,0
2010-01-27 17:00:00,29.0,-13,7,1015,NW,39.35,0,0
2010-01-27 18:00:00,37.0,-13,5,1016,NW,47.4,0,0
2010-01-27 19:00:00,49.0,-12,4,1018,NW,52.32,0,0
2010-01-27 20:00:00,56.0,-13,3,1019,NW,56.34,0,0
2010-01-27 21:00:00,38.0,-14,3,1020,NW,62.15,0,0
2010-01-27 22:00:00,37.0,-14,3,1021,NW,67.96,0,0
2010-01-27 23:00:00,28.0,-14,0,1022,NW,71.98,0,0
2010-01-28 00:00:00,20.0,-13,-1,1023,NW,76.9,0,0
2010-01-28 01:00:00,22.0,-15,-1,1023,NE,7.15,0,0
2010-01-28 02:00:00,27.0,-15,-1,1024,NE,12.07,0,0
2010-01-28 03:00:00,34.0,-15,-2,1025,NE,16.09,0,0
2010-01-28 04:00:00,27.0,-15,-2,1025,NE,21.01,0,0
2010-01-28 05:00:00,32.0,-15,-3,1025,NE,25.03,0,0
2010-01-28 06:00:00,28.0,-15,-3,1025,NW,3.13,0,0
2010-01-28 07:00:00,28.0,-15,-3,1026,NW,8.05,0,0
2010-01-28 08:00:00,18.0,-16,-3,1027,NW,12.97,0,0
2010-01-28 09:00:00,17.0,-17,-2,1028,NW,20.12,0,0
2010-01-28 10:00:00,16.0,-18,-2,1029,NW,25.93,0,0
2010-01-28 11:00:00,18.0,-19,-1,1028,NW,35.76,0,0
2010-01-28 12:00:00,16.0,-21,1,1027,NW,44.7,0,0
2010-01-28 13:00:00,12.0,-24,1,1026,NW,53.64,0,0
2010-01-28 14:00:00,13.0,-25,1,1026,NW,62.58,0,0
2010-01-28 15:00:00,23.0,-25,1,1026,NW,72.41,0,0
2010-01-28 16:00:00,21.0,-24,1,1026,NW,82.24,0,0
2010-01-28 17:00:00,13.0,-25,0,1026,NW,91.18,0,0
2010-01-28 18:00:00,14.0,-22,0,1027,NW,99.23,0,0
2010-01-28 19:00:00,23.0,-20,-1,1027,NW,103.25,0,0
2010-01-28 20:00:00,16.0,-21,-1,1027,NW,105.04,0,0
2010-01-28 21:00:00,25.0,-21,-4,1028,NE,0.89,0,0
2010-01-28 22:00:00,20.0,-21,-2,1027,NW,4.02,0,0
2010-01-28 23:00:00,25.0,-22,-2,1027,NW,7.15,0,0
2010-01-29 00:00:00,19.0,-22,-1,1027,NW,12.07,0,0
2010-01-29 01:00:00,24.0,-21,-4,1027,NW,15.2,0,0
2010-01-29 02:00:00,25.0,-21,-4,1026,cv,0.89,0,0
2010-01-29 03:00:00,20.0,-19,-8,1026,NE,1.79,0,0
2010-01-29 04:00:00,24.0,-20,-7,1025,cv,0.89,0,0
2010-01-29 05:00:00,17.0,-20,-8,1024,NW,1.79,0,0
2010-01-29 06:00:00,10.0,-18,-10,1024,cv,0.89,0,0
2010-01-29 07:00:00,11.0,-21,-2,1024,NW,4.02,0,0
2010-01-29 08:00:00,16.0,-21,-1,1025,NW,9.83,0,0
2010-01-29 09:00:00,20.0,-24,1,1025,NW,17.88,0,0
2010-01-29 10:00:00,13.0,-25,2,1025,NW,26.82,0,0
2010-01-29 11:00:00,12.0,-24,3,1024,NW,33.97,0,0
2010-01-29 12:00:00,12.0,-25,4,1023,NW,42.02,0,0
2010-01-29 13:00:00,12.0,-24,5,1022,NW,50.07,0,0
2010-01-29 14:00:00,12.0,-25,6,1020,NW,57.22,0,0
2010-01-29 15:00:00,31.0,-25,6,1020,NW,65.27,0,0
2010-01-29 16:00:00,36.0,-23,6,1020,NW,72.42,0,0
2010-01-29 17:00:00,42.0,-22,5,1020,NW,78.23,0,0
2010-01-29 18:00:00,52.0,-21,5,1020,NW,84.04,0,0
2010-01-29 19:00:00,26.0,-20,5,1020,NW,89.85,0,0
2010-01-29 20:00:00,24.0,-20,3,1020,NW,93.87,0,0
2010-01-29 21:00:00,25.0,-20,3,1020,NW,97.89,0,0
2010-01-29 22:00:00,43.0,-19,3,1021,NW,101.02,0,0
2010-01-29 23:00:00,47.0,-19,3,1020,NW,105.94,0,0
2010-01-30 00:00:00,61.0,-18,0,1020,NW,109.96,0,0
2010-01-30 01:00:00,66.0,-18,0,1020,NW,114.88,0,0
2010-01-30 02:00:00,65.0,-15,-1,1020,cv,1.79,0,0
2010-01-30 03:00:00,70.0,-15,-2,1020,NW,0.89,0,0
2010-01-30 04:00:00,36.0,-16,-1,1020,NW,4.02,0,0
2010-01-30 05:00:00,37.0,-16,-4,1019,NW,8.94,0,0
2010-01-30 06:00:00,22.0,-15,-5,1020,cv,0.89,0,0
2010-01-30 07:00:00,24.0,-16,-5,1020,NW,3.13,0,0
2010-01-30 08:00:00,29.0,-15,-6,1021,cv,0.89,0,0
2010-01-30 09:00:00,35.0,-15,0,1021,NW,4.02,0,0
2010-01-30 10:00:00,35.0,-18,3,1021,NW,8.04,0,0
2010-01-30 11:00:00,33.0,-21,5,1020,NW,12.96,0,0
2010-01-30 12:00:00,32.0,-22,6,1020,NW,18.77,0,0
2010-01-30 13:00:00,25.0,-22,7,1019,NW,25.92,0,0
2010-01-30 14:00:00,16.0,-22,7,1018,NW,35.75,0,0
2010-01-30 15:00:00,26.0,-23,7,1018,NW,45.58,0,0
2010-01-30 16:00:00,32.0,-23,7,1017,NW,52.73,0,0
2010-01-30 17:00:00,36.0,-22,6,1018,NW,58.54,0,0
2010-01-30 18:00:00,37.0,-21,5,1018,NW,64.35,0,0
2010-01-30 19:00:00,45.0,-21,5,1019,NW,70.16,0,0
2010-01-30 20:00:00,71.0,-19,4,1019,NW,74.18,0,0
2010-01-30 21:00:00,67.0,-19,5,1020,NW,78.2,0,0
2010-01-30 22:00:00,69.0,-19,2,1020,NW,81.33,0,0
2010-01-30 23:00:00,94.0,-18,2,1021,NW,84.46,0,0
2010-01-31 00:00:00,85.0,-18,1,1021,NW,87.59,0,0
2010-01-31 01:00:00,35.0,-18,1,1021,NW,90.72,0,0
2010-01-31 02:00:00,26.0,-16,-3,1022,NW,93.85,0,0
2010-01-31 03:00:00,24.0,-15,-2,1022,NW,95.64,0,0
2010-01-31 04:00:00,20.0,-15,0,1022,NW,99.66,0,0
2010-01-31 05:00:00,16.0,-17,1,1023,NW,105.47,0,0
2010-01-31 06:00:00,18.0,-15,0,1023,NW,109.49,0,0
2010-01-31 07:00:00,19.0,-18,0,1025,NW,113.51,0,0
2010-01-31 08:00:00,22.0,-17,0,1025,NW,116.64,0,0
2010-01-31 09:00:00,17.0,-17,2,1026,NW,120.66,0,0
2010-01-31 10:00:00,18.0,-19,3,1026,NW,129.6,0,0
2010-01-31 11:00:00,11.0,-19,4,1026,NW,138.54,0,0
2010-01-31 12:00:00,11.0,-20,5,1025,NW,145.69,0,0
2010-01-31 13:00:00,16.0,-17,5,1024,NE,4.02,0,0
2010-01-31 14:00:00,18.0,-18,6,1024,NE,7.15,0,0
2010-01-31 15:00:00,17.0,-18,6,1024,cv,0.89,0,0
2010-01-31 16:00:00,19.0,-18,5,1024,SE,1.79,0,0
2010-01-31 17:00:00,26.0,-17,4,1024,SE,3.58,0,0
2010-01-31 18:00:00,24.0,-17,1,1024,NE,1.79,0,0
2010-01-31 19:00:00,54.0,-15,-1,1025,NE,2.68,0,0
2010-01-31 20:00:00,71.0,-13,-1,1025,cv,0.89,0,0
2010-01-31 21:00:00,129.0,-8,-1,1026,SE,5.81,0,0
2010-01-31 22:00:00,145.0,-7,-2,1027,SE,10.73,0,0
2010-01-31 23:00:00,101.0,-7,-2,1027,SE,13.86,0,0
2010-02-01 00:00:00,65.0,-8,-3,1027,SE,15.65,0,0
2010-02-01 01:00:00,70.0,-9,-4,1027,NE,0.89,0,0
2010-02-01 02:00:00,67.0,-9,-4,1027,NE,1.78,0,0
2010-02-01 03:00:00,76.0,-9,-4,1027,cv,0.89,0,0
2010-02-01 04:00:00,76.0,-9,-4,1026,SE,0.89,0,0
2010-02-01 05:00:00,68.0,-9,-5,1027,cv,0.89,0,0
2010-02-01 06:00:00,73.0,-10,-4,1027,SE,0.89,0,0
2010-02-01 07:00:00,73.0,-10,-4,1027,cv,0.89,0,0
2010-02-01 08:00:00,64.0,-10,-6,1028,NE,0.89,0,0
2010-02-01 09:00:00,53.0,-9,-3,1028,SE,1.79,0,0
2010-02-01 10:00:00,72.0,-9,-2,1028,cv,0.89,0,0
2010-02-01 11:00:00,78.0,-9,-1,1028,SE,1.79,0,0
2010-02-01 12:00:00,72.0,-10,0,1027,SE,6.71,0,0
2010-02-01 13:00:00,56.0,-12,0,1026,SE,10.73,0,0
2010-02-01 14:00:00,54.0,-14,1,1026,SE,14.75,0,0
2010-02-01 15:00:00,40.0,-14,0,1025,SE,16.54,0,0
2010-02-01 16:00:00,49.0,-12,0,1026,SE,19.67,0,0
2010-02-01 17:00:00,63.0,-10,-1,1025,SE,21.46,0,0
2010-02-01 18:00:00,66.0,-9,-2,1026,SE,23.25,0,0
2010-02-01 19:00:00,64.0,-10,-2,1026,SE,26.38,0,0
2010-02-01 20:00:00,63.0,-10,-4,1027,SE,30.4,0,0
2010-02-01 21:00:00,65.0,-10,-5,1027,SE,34.42,0,0
2010-02-01 22:00:00,64.0,-10,-5,1027,SE,39.34,0,0
2010-02-01 23:00:00,64.0,-11,-7,1027,SE,41.13,0,0
2010-02-02 00:00:00,62.0,-10,-7,1028,SE,42.92,0,0
2010-02-02 01:00:00,56.0,-11,-8,1028,cv,0.89,0,0
2010-02-02 02:00:00,87.0,-11,-9,1028,cv,1.34,0,0
2010-02-02 03:00:00,72.0,-11,-10,1028,NE,1.79,0,0
2010-02-02 04:00:00,104.0,-12,-10,1028,cv,0.89,0,0
2010-02-02 05:00:00,97.0,-13,-11,1028,NE,0.89,0,0
2010-02-02 06:00:00,96.0,-11,-9,1028,cv,0.89,0,0
2010-02-02 07:00:00,86.0,-11,-8,1028,SE,0.89,0,0
2010-02-02 08:00:00,85.0,-10,-7,1029,NW,1.79,0,0
2010-02-02 09:00:00,92.0,-14,-6,1029,NE,4.92,0,0
2010-02-02 10:00:00,55.0,-18,-5,1029,NE,10.73,0,0
2010-02-02 11:00:00,36.0,-20,-3,1029,NE,14.75,0,0
2010-02-02 12:00:00,27.0,-20,-2,1028,NE,16.54,0,0
2010-02-02 13:00:00,25.0,-20,-1,1028,NE,18.33,0,0
2010-02-02 14:00:00,28.0,-20,0,1027,cv,1.79,0,0
2010-02-02 15:00:00,32.0,-22,0,1027,cv,2.68,0,0
2010-02-02 16:00:00,35.0,-22,1,1027,cv,3.57,0,0
2010-02-02 17:00:00,43.0,-19,-2,1027,NE,1.79,0,0
2010-02-02 18:00:00,70.0,-20,-4,1028,NW,3.13,0,0
2010-02-02 19:00:00,83.0,-21,-3,1029,NW,4.02,0,0
2010-02-02 20:00:00,66.0,-19,-6,1029,cv,0.89,0,0
2010-02-02 21:00:00,70.0,-16,-7,1029,NE,0.89,0,0
2010-02-02 22:00:00,80.0,-21,-5,1030,NW,1.79,0,0
2010-02-02 23:00:00,88.0,-19,-8,1030,NW,4.92,0,0
2010-02-03 00:00:00,69.0,-20,-8,1030,NW,8.05,0,0
2010-02-03 01:00:00,71.0,-21,-8,1030,cv,0.89,0,0
2010-02-03 02:00:00,62.0,-18,-10,1030,NE,0.89,0,0
2010-02-03 03:00:00,73.0,-17,-10,1030,cv,0.89,0,0
2010-02-03 04:00:00,107.0,-17,-12,1030,SE,0.89,0,0
2010-02-03 05:00:00,94.0,-17,-13,1030,NW,1.79,0,0
2010-02-03 06:00:00,121.0,-17,-13,1030,NW,4.92,0,0
2010-02-03 07:00:00,132.0,-19,-11,1030,cv,0.89,0,0
2010-02-03 08:00:00,161.0,-18,-11,1030,cv,1.34,0,0
2010-02-03 09:00:00,120.0,-18,-8,1030,NW,1.79,0,0
2010-02-03 10:00:00,72.0,-19,-4,1030,NE,3.13,0,0
2010-02-03 11:00:00,58.0,-20,-2,1030,NW,4.92,0,0
2010-02-03 12:00:00,34.0,-22,0,1029,NW,12.07,0,0
2010-02-03 13:00:00,14.0,-23,1,1027,NW,19.22,0,0
2010-02-03 14:00:00,17.0,-24,1,1026,NW,28.16,0,0
2010-02-03 15:00:00,15.0,-25,2,1026,NW,37.1,0,0
2010-02-03 16:00:00,23.0,-22,2,1026,NW,46.93,0,0
2010-02-03 17:00:00,34.0,-21,1,1026,NW,54.08,0,0
2010-02-03 18:00:00,96.0,-22,1,1026,NW,59.0,0,0
2010-02-03 19:00:00,87.0,-17,0,1027,NW,63.02,0,0
2010-02-03 20:00:00,87.0,-20,-4,1027,cv,0.89,0,0
2010-02-03 21:00:00,95.0,-20,-5,1028,NW,1.79,0,0
2010-02-03 22:00:00,105.0,-21,-6,1028,NW,4.92,0,0
2010-02-03 23:00:00,114.0,-21,-7,1028,cv,0.45,0,0
2010-02-04 00:00:00,103.0,-21,-7,1028,NW,1.79,0,0
2010-02-04 01:00:00,99.0,-21,-8,1028,NW,4.92,0,0
2010-02-04 02:00:00,102.0,-21,-9,1028,cv,0.89,0,0
2010-02-04 03:00:00,104.0,-19,-10,1028,cv,1.34,0,0
2010-02-04 04:00:00,78.0,-19,-10,1028,NW,1.79,0,0
2010-02-04 05:00:00,33.0,-19,-12,1028,cv,0.89,0,0
2010-02-04 06:00:00,29.0,-18,-12,1028,SE,0.89,0,0
2010-02-04 07:00:00,27.0,-20,-15,1028,NW,4.02,0,0
2010-02-04 08:00:00,27.0,-17,-10,1028,NW,8.04,0,0
2010-02-04 09:00:00,26.0,-19,-5,1028,NW,12.06,0,0
2010-02-04 10:00:00,33.0,-20,-3,1028,NW,15.19,0,0
2010-02-04 11:00:00,29.0,-20,-2,1028,NE,4.02,0,0
2010-02-04 12:00:00,31.0,-22,0,1027,NW,3.13,0,0
2010-02-04 13:00:00,28.0,-22,1,1025,NW,7.15,0,0
2010-02-04 14:00:00,28.0,-22,1,1025,NE,1.79,0,0
2010-02-04 15:00:00,61.0,-23,1,1024,NE,4.92,0,0
2010-02-04 16:00:00,64.0,-23,1,1024,NE,6.71,0,0
2010-02-04 17:00:00,80.0,-22,0,1024,NE,8.5,0,0
2010-02-04 18:00:00,91.0,-20,-4,1025,NE,11.63,0,0
2010-02-04 19:00:00,79.0,-22,-3,1026,NE,14.76,0,0
2010-02-04 20:00:00,48.0,-22,-3,1026,NE,15.65,0,0
2010-02-04 21:00:00,59.0,-20,-5,1027,NW,1.79,0,0
2010-02-04 22:00:00,82.0,-21,-3,1027,cv,0.89,0,0
2010-02-04 23:00:00,63.0,-19,-4,1027,NE,1.79,0,0
2010-02-05 00:00:00,48.0,-19,-4,1027,NE,4.92,0,0
2010-02-05 01:00:00,54.0,-19,-4,1027,NE,8.05,0,0
2010-02-05 02:00:00,42.0,-19,-4,1028,cv,0.89,0,0
2010-02-05 03:00:00,47.0,-19,-5,1028,NE,1.79,0,0
2010-02-05 04:00:00,87.0,-15,-5,1028,SE,1.79,0,0
2010-02-05 05:00:00,105.0,-13,-6,1028,NE,0.89,0,0
2010-02-05 06:00:00,90.0,-13,-7,1029,cv,0.89,0,0
2010-02-05 07:00:00,101.0,-12,-7,1030,cv,1.78,0,0
2010-02-05 08:00:00,126.0,-19,-6,1030,NE,3.13,0,0
2010-02-05 09:00:00,114.0,-18,-5,1031,NE,4.92,0,0
2010-02-05 10:00:00,103.0,-14,-4,1031,cv,1.79,0,0
2010-02-05 11:00:00,114.0,-13,-3,1031,SE,1.79,0,0
2010-02-05 12:00:00,100.0,-14,-2,1031,SE,3.58,0,0
2010-02-05 13:00:00,72.0,-13,-1,1030,SE,6.71,0,0
2010-02-05 14:00:00,68.0,-14,-1,1029,cv,1.79,0,0
2010-02-05 15:00:00,72.0,-13,-1,1029,SE,1.79,0,0
2010-02-05 16:00:00,71.0,-12,-1,1029,SE,3.58,0,0
2010-02-05 17:00:00,80.0,-12,-2,1030,SE,5.37,0,0
2010-02-05 18:00:00,70.0,-12,-4,1030,SE,6.26,0,0
2010-02-05 19:00:00,63.0,-13,-4,1031,SE,8.05,0,0
2010-02-05 20:00:00,67.0,-13,-5,1031,SE,8.94,0,0
2010-02-05 21:00:00,62.0,-12,-5,1032,SE,9.83,0,0
2010-02-05 22:00:00,69.0,-12,-6,1033,SE,11.62,0,0
2010-02-05 23:00:00,58.0,-11,-6,1033,SE,13.41,0,0
2010-02-06 00:00:00,51.0,-11,-7,1033,SE,15.2,0,0
2010-02-06 01:00:00,51.0,-11,-8,1033,SE,16.99,0,0
2010-02-06 02:00:00,54.0,-11,-8,1033,SE,18.78,0,0
2010-02-06 03:00:00,45.0,-11,-8,1033,SE,20.57,0,0
2010-02-06 04:00:00,47.0,-11,-7,1032,SE,23.7,0,0
2010-02-06 05:00:00,85.0,-11,-7,1032,SE,25.49,0,0
2010-02-06 06:00:00,78.0,-12,-7,1032,SE,27.28,0,0
2010-02-06 07:00:00,68.0,-12,-7,1032,SE,29.07,0,0
2010-02-06 08:00:00,64.0,-13,-7,1033,cv,0.89,0,0
2010-02-06 09:00:00,65.0,-12,-6,1033,SE,1.79,1,0
2010-02-06 10:00:00,80.0,-11,-5,1032,SE,4.92,0,0
2010-02-06 11:00:00,74.0,-11,-4,1032,SE,8.05,0,0
2010-02-06 12:00:00,93.0,-11,-3,1031,SE,11.18,0,0
2010-02-06 13:00:00,77.0,-11,-3,1030,SE,15.2,0,0
2010-02-06 14:00:00,67.0,-12,-2,1029,SE,19.22,0,0
2010-02-06 15:00:00,84.0,-12,-2,1029,SE,22.35,0,0
2010-02-06 16:00:00,77.0,-12,-2,1028,SE,25.48,0,0
2010-02-06 17:00:00,83.0,-12,-2,1027,SE,29.5,0,0
2010-02-06 18:00:00,82.0,-10,-3,1028,SE,33.52,0,0
2010-02-06 19:00:00,100.0,-9,-3,1029,SE,35.31,1,0
2010-02-06 20:00:00,189.0,-7,-4,1029,SE,37.1,2,0
2010-02-06 21:00:00,99.0,-6,-5,1028,SE,38.89,3,0
2010-02-06 22:00:00,71.0,-6,-5,1028,SE,42.02,4,0
2010-02-06 23:00:00,43.0,-6,-5,1027,SE,45.15,5,0
2010-02-07 00:00:00,64.0,-6,-5,1027,SE,46.94,6,0
2010-02-07 01:00:00,68.0,-7,-5,1026,SE,48.73,7,0
2010-02-07 02:00:00,69.0,-7,-5,1025,cv,0.89,8,0
2010-02-07 03:00:00,65.0,-7,-5,1025,cv,1.78,9,0
2010-02-07 04:00:00,71.0,-7,-6,1024,NW,0.89,10,0
2010-02-07 05:00:00,77.0,-7,-6,1024,cv,0.89,0,0
2010-02-07 06:00:00,81.0,-7,-6,1024,NW,0.89,0,0
2010-02-07 07:00:00,88.0,-7,-6,1023,NW,1.78,0,0
2010-02-07 08:00:00,90.0,-6,-5,1024,NE,1.79,0,0
2010-02-07 09:00:00,92.0,-6,-5,1024,NW,1.79,1,0
2010-02-07 10:00:00,88.0,-6,-4,1023,NW,3.58,0,0
2010-02-07 11:00:00,80.0,-6,-4,1023,cv,0.89,0,0
2010-02-07 12:00:00,100.0,-6,-3,1023,cv,1.78,0,0
2010-02-07 13:00:00,105.0,-7,-3,1022,cv,2.67,0,0
2010-02-07 14:00:00,118.0,-7,-3,1021,cv,3.56,0,0
2010-02-07 15:00:00,125.0,-6,-2,1020,SE,1.79,0,0
2010-02-07 16:00:00,141.0,-6,-2,1020,SE,3.58,0,0
2010-02-07 17:00:00,152.0,-6,-3,1020,SE,5.37,0,0
2010-02-07 18:00:00,164.0,-7,-4,1020,cv,0.89,0,0
2010-02-07 19:00:00,147.0,-7,-5,1021,SE,0.89,0,0
2010-02-07 20:00:00,162.0,-7,-5,1021,SE,1.78,0,0
2010-02-07 21:00:00,157.0,-6,-4,1022,SE,2.67,0,0
2010-02-07 22:00:00,156.0,-5,-3,1022,cv,0.89,0,0
2010-02-07 23:00:00,160.0,-7,-5,1020,NE,1.79,0,0
2010-02-08 00:00:00,178.0,-6,-4,1021,cv,0.89,0,0
2010-02-08 01:00:00,187.0,-6,-5,1020,cv,1.34,0,0
2010-02-08 02:00:00,181.0,-7,-6,1020,SE,0.89,0,0
2010-02-08 03:00:00,185.0,-8,-6,1020,NE,0.89,0,0
2010-02-08 04:00:00,197.0,-6,-5,1019,cv,0.89,0,0
2010-02-08 05:00:00,180.0,-6,-4,1019,NE,1.79,0,0
2010-02-08 06:00:00,172.0,-6,-4,1019,NW,1.79,0,0
2010-02-08 07:00:00,166.0,-6,-4,1020,NW,4.92,0,0
2010-02-08 08:00:00,136.0,-6,-4,1019,NW,8.05,0,0
2010-02-08 09:00:00,133.0,-5,-3,1020,NW,12.07,0,0
2010-02-08 10:00:00,140.0,-5,-2,1020,NW,15.2,0,0
2010-02-08 11:00:00,159.0,-5,-1,1019,cv,0.89,0,0
